,name,WeddingContactInfo_city,WeddingContactInfo_state,WeddingContactInfo_zip_code,WeddingContactInfo_country,WeddingContactInfo_email,WeddingContactInfo_phone,WeddingContactInfo_website,WeddingPriceInfo_price,WeddingPriceInfo_price_breakdown,WeddingPriceInfo_ceremony_cost,WeddingPriceInfo_pricing_transparency,WeddingPriceInfo_deposit_and_payment_plans,WeddingVenueStyle_style,WeddingVenueStyle_indoor_outdoor,WeddingVenueStyle_privacy,WeddingVenueStyle_accommodations,WeddingVenueStyle_environmental,WeddingVenueStyle_general_vibe,WeddingVenueOther_outside_wedding_coordinator,WeddingVenueOther_outside_photographer,WeddingVenueOther_package_approach,WeddingVenueOther_reception_or_ceremony,WeddingVenueOther_what_time_does_the_party_need_to_stop,WeddingVenueOther_top_choices,WeddingVenueOther_guest_capacity,WeddingFoodInfo_menu_breakdown,WeddingFoodInfo_bar_breakdown,WeddingFoodInfo_outside_food_allowed,WeddingFoodInfo_outside_alcohol_allowed,WeddingFoodInfo_outside_dessert_allowed,WeddingFoodInfo_kosher_food,WeddingFoodInfo_halal_food,WeddingFoodInfo_east_asian_food,WeddingFoodInfo_indian_food,WeddingFoodInfo_gluten_free_food,WeddingFoodInfo_other_ethnic_food_style,WeddingFoodInfo_late_night_food,WeddingFoodInfo_name,model
0,a.o.c. Brentwood,Los Angeles,CA,90049,USA,,,,325.0,"{'base_prices': '$20,000 Sunday for 80 guests, $26,000 Friday/Saturday for 80 guests, $150 per extra guest', 'total_cost_for_assumed_guest_count': '100 guests on a Friday/Saturday, $29,000', 'taxes_and_fees': '9.5% tax at $2,755, 20% gratuity at $5,800, 6% healthcare fee at $1,740, 5.5% admin fee at $1,595, total $11,890', 'per_person_cost': '$325 after taxes and fees for 100 guests', 'inclusions': ""Private use of San Vicente Room, Green Room, and Main Room, specialty menu with food stations and tray-passed hors d'oeuvres like bacon-wrapped dates, beverages including sommelier-selected wines, specialty cocktails like Green Goddess, select-spirit open bar with Tito's vodka"", 'exclusions': 'Dance floor and insurance costs unspecified, optional parking validation at $19 per car, photography assumed but not specified', 'assumptions': '100 guests, Friday/Saturday pricing as middle option, 20% gratuity as midpoint'}",-1.0,This venue discloses a moderate portion of the total wedding costs,The venue does not have flexibility on deposit terms and payment plans,Restaurants,Outdoor space but has a covering to provide some protection against weather elements,Privacy and exclusivity is a major feature of the venue,Not enough information,This venue does not emphasize environment or sustainability,Grandiose and elegant,True,True,"This venue offers fixed packages, with a few extras or options",Both reception and the ceremony space,10PM,"The venue offers a modern and elegant space with multiple beautifully designed rooms, and provides a comprehensive package including specialty menus and beverages.",150.0,"{'appetizers': ""bacon-wrapped dates stuffed with parmesan, the farmer's plate, three cheese plate with accompaniments & a.o.c. bread, charcuterie board, pork rillettes, assorted salumi, chorizo & grilled toast, marinated olives & marcona almonds"", 'main_courses': ""market fish, roasted chicken 'ode to zuni', spiced fish tagine, hanger steak, soft polenta"", 'desserts': 'a.o.c. dessert platter, chocolate torta, butterscotch pot de crème, assorted chocolates & house confections, kadaif rocher, pistachio butter & vanilla whipped cream, crème fraiche panna cotta', 'dietary_accommodations': 'a.o.c. brentwood is able to accommodate a variety of allergies and food preferences', 'assumptions': 'Menu selection will occur 2-3 weeks prior to your event to ensure the offerings are up to date', 'cost_options': '$20,000 (Sun) or $26,000 (Fri/Sat) for up to 80 guests and $150 per person thereafter'}","{'wines': 'sommelier select wines including sparkling, white, rosé, and red', 'cocktails': 'green goddess, wonder punch, harbinger, kingbird, passion al pastor', 'spirits': ""vodka (Tito's, Chopin, Grey Goose), whiskey (High West Double Rye, Michter's Rye, Rittenhouse, Breaking & Entering), bourbon (Evan Williams, Eagle Rare, Angel's Envy, Michter's, Heaven Hill 7yr), scotch/irish/japanese (Jameson, Laphroaig 10yr, Jura Seven Wood, Benromach, Kavalan, Suntory Toki), gin (St. George 'Terroir', East London Batch, Bombay Sapphire, Tanqueray, Botanist, Nolet's), agave (Angelisco Blanco, Casamigos Blanco, Casamigos Reposado, Siete Leguas Blanco, Siete Leguas Reposado, Angelisco Reposado, El Silencio (Mezcal), Legendario (Mezcal)), rum (El Dorado 12yr, Marti White)"", 'non_alcoholic': ""ruby blush, bleeding heart, 'mock' goddess"", 'assumptions': ""All spirits and cocktails will be prepared at a.o.c. brentwood's bar"", 'cost_options': 'Included in the $20,000 (Sun) or $26,000 (Fri/Sat) for up to 80 guests and $150 per person thereafter'}",False,False,True,False,False,False,False,True,,False,a.o.c. Brentwood,gpt-4o
1,Aliso Viejo Country Club,Aliso Viejo,California,,USA,,949.284.5460,alisogolf.com,165.0,"{'base_prices': '$98 per person for Adore package, $115 per person for Cherish package, $135 per person for Treasure package', 'total_cost_for_assumed_guest_count': '100 guests on a Saturday, $13,500 for Treasure package', 'taxes_and_fees': '22% service charge, 7.75% sales tax', 'per_person_cost': '$165 after taxes and fees for 100 guests', 'inclusions': ""Non-alcoholic beverages, hors d'oeuvres, two-course plated dinner, champagne toast, cake cutting service, coffee & tea service, wine service with dinner (Cherish and Treasure), hosted bar (Treasure)"", 'exclusions': 'Dance floor rental, optional equipment add-ons, professional wedding coordinator, outside vendor fees, premium entrees, open bar packages', 'assumptions': '100 guests, Saturday pricing as middle option, 22% service charge, 7.75% sales tax'}",-1.0,This venue discloses a high degree of the total costs,The venue does not have flexibility on deposit terms and payment plans,Country Clubs,Not enough information,Privacy and exclusivity is a major feature of the venue,Not enough information,This venue does not emphasize environment or sustainability,Grandiose and elegant,True,,"This venue offers fixed packages, with a few extras or options",Both reception and the ceremony space,10PM,"Stunning views of the Saddleback Mountain Range and a comprehensive, full-service experience with customizable options.",200.0,"{'appetizers': 'Crispy Prosciutto Crostini, Pepper Poppers, Mini Deviled Egg Tea Sandwich, Ahi Tuna Taco, Bacon Wrapped Dates, Crispy Cubano Spring Rolls, Franks in a Blanket, Crispy Veggie Potsticker, Spinach & Feta Spanakopita, Ciabatta Grilled Cheese, Mediterranean Antipasto Skewer, Shrimp Ceviche Tart, Caprese Skewer, Veggie Platter, Fresh Fruit Platter, Wagyu Mini Burger, Baby Beef Wellington, Korean BBQ Spring Rolls, Mini Fried Chicken Sandwich, Artichoke Beignets', 'main_courses': ""Roasted Mary's Chicken, Market White Fish, Pan Roasted Atlantic Salmon, Braised Short Ribs, Seasonal Masala"", 'desserts': None, 'dietary_accommodations': 'gluten-free, vegan options', 'assumptions': None, 'cost_options': 'Adore package: $98 per person, Cherish package: $115 per person, Treasure package: $135 per person'}","{'wines': None, 'cocktails': 'Walk in the Park, Azalea, Botanical Blue, Margarita, Spicy Pineapple Margarita, Pomegranate Margarita, Paloma, Aviation, Georgia Sunrise, Basil Buck, Mango Sour, Mai Tai, Rum Runner, Sangrias', 'spirits': ""Vodka: New Amsterdam, Titos, Belvedere; Gin: New Amsterdam, Beefeater, Bombay Sapphire; Whiskey: Evan Williams, Maker's Mark, Woodford Reserve; Scotch: Conciere, Dewar's White Label, Macallan 12 yr; Rum: Bacardi Superior, Captain Morgan, Appleton Estate; Tequila: Espolon Blanco, Maestro Dobel Silver, Cincoro Blanco; Cognac: Hennessy VS, Remy VSOP"", 'non_alcoholic': 'Soda, Juice', 'assumptions': None, 'cost_options': 'Open Bar Packages: $24-$52 per person depending on tier and duration'}",False,False,True,False,False,True,True,True,"Mediterranean, Cuban",False,Aliso Viejo Country Club,gpt-4o
2,Agua Hedionda Nature Center,,,,,,,,150.0,"{'base_prices': '$3,250 for Coastal Package, $6,000 for Green Package', 'total_cost_for_assumed_guest_count': '100 guests with Green Package, $6,000', 'taxes_and_fees': 'Not specified, assume standard local taxes and fees apply', 'per_person_cost': '$150 after taxes and fees for 100 guests', 'inclusions': 'Discovery Membership, facility venue space, tables and chairs setup, market lights, stage, smart TV, third-party cleaning, team member onsite, coffee machine rental, wedding coordinator', 'exclusions': 'Linens, decor setup, additional team member hours, exquisite coffee machine rental, wedding coordinator, third-party vendor items setup', 'assumptions': '100 guests, Green Package as middle option, standard local taxes and fees'}",-1.0,This venue discloses a moderate portion of the total wedding costs,Not enough information,Other,Not enough information,Not enough information,Not enough information,This venue does not emphasize environment or sustainability,Other,True,,This venue offers a moderate or flexible approach,Not enough information,10PM,"The venue offers a scenic natural setting with market lights and a stage on the terrace, and provides flexibility with the option to bring in a third-party wedding coordinator.",100.0,,"{'wines': None, 'cocktails': None, 'spirits': None, 'non_alcoholic': None, 'assumptions': None, 'cost_options': None}",False,True,True,False,False,False,False,False,,False,Agua Hedionda Nature Center,gpt-4o
3,Aliso Viejo Wedgewood,Aliso Viejo,CA,92656,USA,Events@WedgewoodWeddings.com,866.966.3009,WedgewoodWeddings.com,128.0,"{'base_prices': '$2,995 for Friday, Sunday, Saturday Day; $5,495 for Saturday Evening (Premier package)', 'total_cost_for_assumed_guest_count': '100 guests on a Saturday Evening, $12,800', 'taxes_and_fees': '22% administrative fee and tax', 'per_person_cost': '$156.16 after taxes and fees for 100 guests', 'inclusions': '3-Entrée Buffet, Personalized Wedding Cake, Open Bar with Beer, Wine & Well Spirits, DJ & MC Services, Invitations & Accessories, House Chairs & Linens, Custom Fresh Florals, 5 Hours Plus Set Up', 'exclusions': 'Dance floor and insurance costs unspecified, optional parking validation, photography assumed but not specified', 'assumptions': '100 guests, Saturday Evening pricing as middle option, 22% administrative fee and tax'}",1495.0,This venue discloses a high degree of the total costs,Not enough information,Banquet Halls,Outdoor space but has a covering to provide some protection against weather elements,Not enough information,Not enough information,This venue does not emphasize environment or sustainability,Grandiose and elegant,True,True,This venue offers a moderate or flexible approach,Both reception and the ceremony space,Not enough information,"The venue offers breathtaking views of Saddleback Mountain and multiple outdoor ceremony sites, along with a cozy covered terrace and expansive reception space. Additionally, the venue provides all-inclusive, fully customizable packages, making planning easier for clients.",300.0,"{'appetizers': 'Assorted Cheeses & Vegetables, Choice of 6 Items', 'main_courses': '2-Entrée Buffet, 3-Entrée Buffet, Duet Plate', 'desserts': 'Personalized Wedding Cake', 'dietary_accommodations': None, 'assumptions': None, 'cost_options': None}","{'wines': 'House Wine, Elite Wine', 'cocktails': None, 'spirits': 'Well Spirits, Top-Shelf Spirits', 'non_alcoholic': 'Soft Drinks', 'assumptions': None, 'cost_options': None}",False,False,True,False,False,False,False,False,,False,Aliso Viejo Wedgewood,gpt-4o
4,Alcazar Palm Springs,Palm Springs,California,,USA,Brittany@F10creative.com,,,450.0,"{'base_prices': '$8,000 venue fee, $18,000 food and beverage minimum', 'total_cost_for_assumed_guest_count': '100 guests, $26,000 before taxes and fees', 'taxes_and_fees': 'Room taxes and amenity fees apply, but specific amounts for event not detailed', 'per_person_cost': '$450 after taxes and fees for 100 guests', 'inclusions': 'Use of 33 rooms, outdoor courtyard, pool patio, morning coffee/espresso/tea & pastries, parking, wireless internet, Townie Bikes, local & 800 calls', 'exclusions': 'Rental equipment not included, all food and beverage through F10 Creative Catering, alcohol through F10 Creative Catering', 'assumptions': '100 guests, full hotel buyout, $18,000 food and beverage minimum, $8,000 venue fee'}",-1.0,This venue discloses a moderate portion of the total wedding costs,The venue does not have flexibility on deposit terms and payment plans,Hotels,Outdoor space but has a covering to provide some protection against weather elements,Privacy and exclusivity is a major feature of the venue,On-site lodging accommodations or extremely close (less than 5 mins walking distance) is possible,This venue does not emphasize environment or sustainability,Grandiose and elegant,,,"This venue offers fixed packages, with a few extras or options",Both reception and the ceremony space,Not enough information,"The venue offers an intimate setting with a full buyout of the hotel, providing exclusivity for the event. Additionally, the venue includes a beautiful outdoor courtyard and pool patio space, ideal for weddings.",150.0,"{'appetizers': None, 'main_courses': None, 'desserts': None, 'dietary_accommodations': None, 'assumptions': None, 'cost_options': '$18,000 food and beverage minimum for all weddings'}","{'wines': None, 'cocktails': None, 'spirits': None, 'non_alcoholic': None, 'assumptions': None, 'cost_options': None}",False,False,True,False,False,False,False,False,,False,Alcazar Palm Springs,gpt-4o
5,a.o.c. Brentwood,Los Angeles,CA,90049,USA,,,,250.0,"{'base_prices': '$20,000 Sunday for 80 guests, $26,000 Friday/Saturday for 80 guests, $150 per extra guest.', 'total_cost_for_assumed_guest_count': '80 guests on a Sunday, $20,000.', 'taxes_and_fees': '9.5% sales tax, 18%-22% gratuity, 6% healthcare fee, 5.5% administration fee.', 'per_person_cost': '$250 after taxes and fees for 80 guests.', 'inclusions': ""Private use of the restaurant, specialty menu (food stations with tray passed hors d'oeuvres), beverages (sommelier select wine, specialty cocktails, select-spirit open bar)."", 'exclusions': 'Dance floor and insurance costs unspecified, optional parking validation at $19 per car, photography assumed but not specified.', 'assumptions': '80 guests, Sunday pricing as middle option, 20% gratuity as midpoint.'}",-1.0,This venue discloses a moderate portion of the total wedding costs,The venue works with me on deposit terms and payment plans,Restaurants,Predominantly outdoor,Privacy and exclusivity is a major feature of the venue,Not enough information,This venue does not emphasize environment or sustainability,Grandiose and elegant,False,False,"This venue offers fixed packages, with a few extras or options",Both reception and the ceremony space,12AM,Elegant and spacious dining rooms designed by Nickey Kehoe; offers a full restaurant buyout for private events with a specialty menu.,150.0,"{'appetizers': ""bacon-wrapped dates stuffed with parmesan, the farmer's plate (roasted vegetables, muhammara & chickpea purée, burrata & grilled toast), three cheese plate with accompaniments & a.o.c. bread, royal corona beans, weiser cucumbers, tomato, oregano & feta, spinach and dandelion, persimmon, avocado & candied pecans"", 'main_courses': ""market fish, celery root, brussels sprouts, sherry & golden raisins, farro & black rice, currants & pine nuts, roasted chicken 'ode to zuni,' panzanella, fennel & green olives, cauliflower, curry & red wine vinegar, spiced fish tagine: kabocha squash, quinoa, dried cranberries, turmeric & pepita pesto, hanger steak, sauce béarnaise, arugula & fried shallots, soft polenta, wild mushrooms, swiss chard, mascarpone & gremolata"", 'desserts': 'a.o.c. dessert platter (chocolate torta, butterscotch pot de crème, assorted chocolates & house confections), chocolate torta, kadaif rocher, pistachio butter & vanilla whipped cream, crème fraiche panna cotta, rum caramel, persimmon & pepita tuile', 'dietary_accommodations': 'a.o.c. brentwood is able to accommodate a variety of allergies and food preferences, and is not a kosher kitchen but can do kosher style', 'assumptions': '100 guests, family-style shared plates or buffet', 'cost_options': '$20,000 for first 80 guests on Sunday, $26,000 for first 80 guests on Friday/Saturday, $150 per person thereafter'}","{'wines': 'sommelier select white, red, sparkling, and rosé wines', 'cocktails': 'green goddess (green tea-infused vodka, cucumber, arugula, jalapeño & absinthe rinse), wonder punch (gin, lemon, pomegranate & coconut), harbinger (tequila, lime, orgeat & spiced persimmon), kingbird (bourbon & housemade sassafras-maple bitters), passion al pastor (mezcal, lime, passion fruit & achiote), free spirited (ruby blush grapefruit, lemon & house ginger ale), bleeding heart (pomegranate, orange, cinnamon & soda), mock goddess (green tea, cucumber, arugula & jalapeño)', 'spirits': ""tito's vodka, chopin vodka, grey goose vodka, high west double rye whiskey, michter's rye whiskey, rittenhouse whiskey, breaking & entering whiskey, evan williams bourbon, eagle rare bourbon, angel's envy bourbon, michter's bourbon, heaven hill 7yr bourbon, jameson scotch, laphroaig 10yr scotch, jura seven wood scotch, benromach scotch, kavalan whiskey, suntory toki whiskey, st. george 'terroir' gin, east london batch gin, bombay sapphire gin, tanqueray gin, botanist gin, nolet's gin, angelisco blanco agave, casamigos blanco agave, casamigos reposado agave, siete leguas blanco agave, siete leguas reposado agave, angelisco reposado agave, el silencio mezcal, legendario mezcal, el dorado 12yr rum, marti white rum"", 'non_alcoholic': None, 'assumptions': 'cocktails subject to change with seasonal produce', 'cost_options': 'included in the dining experience, additional costs for premium wines'}",False,False,True,False,False,False,False,True,,False,a.o.c. Brentwood,gpt-4o-mini
6,Aliso Viejo Country Club,Aliso Viejo,California,-1,United States,null,949.284.5460,alisogolf.com,115.0,"{'base_prices': '$98 per person for Adore package, $115 per person for Cherish package, $135 per person for Treasure package; includes non-alcoholic beverages and various food options.', 'total_cost_for_assumed_guest_count': '100 guests, $11,500 for Cherish package.', 'taxes_and_fees': '22% service charge on total, 7.75% sales tax.', 'per_person_cost': '$135 after taxes and fees for 100 guests.', 'inclusions': '2-hour ceremony service, private wedding party suites, beverage stations, cocktail hour with passed appetizers, 4-hour reception with dinner, dance floor, dedicated staff, and various food and beverage options.', 'exclusions': 'Outside catering and beverages not allowed, additional fees for outside vendors, and certain decorations may incur cleaning fees.', 'assumptions': '100 guests, using the Cherish package, including standard service charges and taxes.'}",-1.0,This venue discloses a moderate portion of the total wedding costs,The venue works with me on deposit terms and payment plans,Country Clubs,Outdoor space but has a covering to provide some protection against weather elements,Privacy and exclusivity is a major feature of the venue,On-site lodging accommodations or extremely close (less than 5 mins walking distance) is possible,This venue does not emphasize environment or sustainability,Grandiose and elegant,True,False,This venue offers a moderate or flexible approach,Both reception and the ceremony space,10PM,"Stunning views of the Saddleback Mountain Range and a full-service, personalized experience with comprehensive planning and coordination.",200.0,"{'appetizers': ""one butler passed hors d'oeuvre included in Adore package, two butler passed hors d'oeuvres in Cherish package, three butler passed hors d'oeuvres in Treasure package; options include Crispy Prosciutto Crostini, Pepper Poppers, Mini Deviled Egg Tea Sandwich, Ahi Tuna Taco, Bacon Wrapped Dates, Crispy Cubano Spring Rolls, Franks in a Blanket, Crispy Veggie Potsticker, Spinach & Feta Spanakopita, Ciabatta Grilled Cheese, Mediterranean Antipasto Skewer, Shrimp Ceviche Tart, Caprese Skewer, Veggie Platter, Fresh Fruit Platter, and more."", 'main_courses': 'guest choice of chicken, market white fish, or vegetarian entrée in Adore package; guest choice of chicken, fish (salmon or white fish), or vegetarian entrée in Cherish package; guest choice of chicken, beef, fish (salmon or white fish), or vegetarian in Treasure package; premium options include Braised Short Rib, 8oz Filet Mignon, Blackened Chilean Seabass, Grilled Ahi Tuna Loin, Surf & Turf.', 'desserts': 'cake cutting service included in all packages; specific dessert options not detailed.', 'dietary_accommodations': 'gluten-free options available; vegetarian options available; accommodations for dietary restrictions mentioned.', 'assumptions': '100 guests, standard wedding package.', 'cost_options': '$98 per person for Adore package, $115 per person for Cherish package, $135 per person for Treasure package.'}","{'wines': 'House wine options available; premium and super premium wine options available.', 'cocktails': 'Open bar packages available with various tiers including Club, Premium, and Super Premium options; specialty cocktails available.', 'spirits': 'Club, Premium, and Super Premium spirits available including vodka, gin, whiskey, rum, and tequila.', 'non_alcoholic': 'non-alcoholic beverages included in all packages; options include water, iced tea, lemonade.', 'assumptions': '100 guests, 4-hour open bar.', 'cost_options': '$24-$40 per person for open bar packages depending on tier.'}",False,False,True,False,False,False,False,True,,False,Aliso Viejo Country Club,gpt-4o-mini
7,Agua Hedionda Nature Center,null,null,null,null,null,null,null,-1.0,"{'base_prices': '$3,250 for Coastal Package, $6,000 for Green Package', 'total_cost_for_assumed_guest_count': 'Assuming 100 guests for Green Package, total cost $6,000', 'taxes_and_fees': 'Not specified', 'per_person_cost': '$60 per person for 100 guests based on Green Package', 'inclusions': 'Facility venue space from 8am to midnight, setup of tables and chairs, market lights, team member onsite for 8 hours, use of Smart TV, cleaning team at end of night, coffee machine rental, wedding coordinator for logistics.', 'exclusions': 'ABC license not included, linens not included in setup, decor package additional, no specific mention of dance floor or insurance costs.', 'assumptions': 'Assuming 100 guests, using Green Package pricing.'}",-1.0,This venue discloses a moderate portion of the total wedding costs,Not enough information,Parks,Outdoor space but has a covering to provide some protection against weather elements,Moderate privacy with possible nearby non-wedding guests,Not enough information,This venue does not emphasize environment or sustainability,Peaceful and serene,True,True,This venue offers a moderate or flexible approach,Both reception and the ceremony space,10PM,Beautiful natural setting and flexibility with third-party vendors.,200.0,,,False,False,True,False,False,False,False,False,,False,Agua Hedionda Nature Center,gpt-4o-mini
8,Aliso Viejo Wedgewood,Aliso Viejo,CA,92656,USA,Events@WedgewoodWeddings.com,866.966.3009,WedgewoodWeddings.com,128.0,"{'base_prices': '$98 per person for Classic package, $128 for Premier package, $153 for Elite package.', 'total_cost_for_assumed_guest_count': '100 guests on a Saturday evening, $5,495 for Premier package.', 'taxes_and_fees': '22% administrative fee and tax applied to all prices.', 'per_person_cost': '$156 after taxes and fees for 100 guests.', 'inclusions': 'Alfresco or Indoor Ceremony Location, Coordination, Rehearsal, Full Set-Up & Breakdown, House Champagne, House Wine, 3-Entrée Buffet, Personalized Wedding Cake, DJ & MC Services, Invitations & Accessories, Chairs & Linens, Centerpieces, Charger Plates, Photo Booth & Attendant, Accent Lighting, Cold Touch Sparklers, Officiant, Event Time of 6 Hours Plus Set Up.', 'exclusions': 'Dance floor and insurance costs unspecified, optional parking validation at $19 per car, photography assumed but not specified.', 'assumptions': '100 guests, Saturday evening pricing as middle option, 22% administrative fee included.'}",1495.0,This venue discloses a high degree of the total costs,Not enough information,Other,Outdoor space but has a covering to provide some protection against weather elements,Privacy and exclusivity is a major feature of the venue,Not enough information,This venue does not emphasize environment or sustainability,Grandiose and elegant,True,True,This venue offers a moderate or flexible approach,Both reception and the ceremony space,Not enough information,Breathtaking scenic views and all-inclusive customizable packages.,200.0,"{'appetizers': 'Assorted Cheeses & Vegetables, Choice of 6 Items', 'main_courses': '2-Entrée Buffet, 3-Entrée Buffet, Duet Plate or 3-Entrée Buffet', 'desserts': 'Personalized Wedding Cake', 'dietary_accommodations': 'None specified, but options likely available due to customizable packages', 'assumptions': 'Based on selected package and guest count', 'cost_options': 'Varies by package, starting at $88 per person for Build Your Own package.'}","{'wines': 'House Wine, Elite Wine', 'cocktails': 'None specified', 'spirits': 'Well Spirits, Top-Shelf Spirits', 'non_alcoholic': 'Soft Drinks included with Cash Bar', 'assumptions': 'Based on selected bar package and guest count', 'cost_options': 'Varies by package, starting at cash bar options.'}",False,False,True,False,False,False,False,True,,False,Aliso Viejo Wedgewood,gpt-4o-mini
9,Alcazar Palm Springs,Palm Springs,California,-1,United States,Brittany@F10creative.com,-1,-1,245.0,"{'base_prices': '$8,000 non-refundable deposit for total buyout, $245 per room per night plus $20 daily amenity fee, $18,000 food and beverage minimum for weddings.', 'total_cost_for_assumed_guest_count': '100 guests, $18,000 food and beverage minimum plus $8,000 venue fee, total $26,000.', 'taxes_and_fees': 'Room taxes are added to the contracted room rate, specific tax rates not provided.', 'per_person_cost': '$260 after taxes and fees for 100 guests.', 'inclusions': 'Full buyout of 33 rooms, outdoor courtyard and pool patio space, morning coffee/espresso/tea & pastries, parking, wireless internet, Townie Bikes, local & 800 calls.', 'exclusions': 'Rental equipment not included in the venue fee, all food and beverage must go through F10 Creative Catering, costs for rental equipment from Signature Party Rental not specified.', 'assumptions': '100 guests, full hotel buyout, $18,000 food and beverage minimum, $8,000 venue fee.'}",-1.0,This venue discloses a moderate portion of the total wedding costs,The venue does not have flexibility on deposit terms and payment plans,Hotels,Outdoor space but has a covering to provide some protection against weather elements,Privacy and exclusivity is a major feature of the venue,On-site lodging accommodations or extremely close (less than 5 mins walking distance) is possible,This venue does not emphasize environment or sustainability,Warm and cozy,False,False,"This venue offers fixed packages, with a few extras or options",Both reception and the ceremony space,Not enough information,Intimate setting with a full hotel buyout for a personalized experience; outdoor courtyard and pool patio space suitable for weddings of 100-125 guests.,100.0,"{'appetizers': None, 'main_courses': None, 'desserts': None, 'dietary_accommodations': None, 'assumptions': '100-125 guests, full buyout of hotel required for events.', 'cost_options': '$18,000 food and beverage minimum for all weddings.'}","{'wines': None, 'cocktails': None, 'spirits': None, 'non_alcoholic': None, 'assumptions': 'All alcohol beverages must go through F10 Creative Catering.', 'cost_options': 'All food and beverage must go through F10 Creative Catering.'}",False,False,True,False,False,False,False,False,,False,Alcazar Palm Springs,gpt-4o-mini
10,a.o.c. Brentwood,Los Angeles,CA,90049,USA,,,,324.0,"{'base_prices': '$20,000 Sunday for 80 guests, $26,000 Friday/Saturday for 80 guests, $150 per extra guest', 'total_cost_for_assumed_guest_count': '100 guests on a Sunday, $23,000', 'taxes_and_fees': '9.5% tax at $2,185, 20% gratuity at $4,600, 6% healthcare fee at $1,380, 5.5% admin fee at $1,265, total $9,430', 'per_person_cost': '$324 after taxes and fees for 100 guests', 'inclusions': ""private use of San Vicente Room, Green Room, and Main Room, specialty menu with food stations and tray-passed hors d'oeuvres like bacon-wrapped dates, beverages including sommelier-selected wines, specialty cocktails like Green Goddess, select-spirit open bar with Tito's vodka"", 'exclusions': 'dance floor and insurance costs unspecified, optional parking validation at $19 per car, photography assumed but not specified', 'assumptions': '100 guests, Sunday pricing as middle option, 20% gratuity as midpoint'}",-1.0,This venue discloses a high degree of the total costs,The venue does not have flexibility on deposit terms and payment plans,Restaurants,Outdoor space but has a covering to provide some protection against weather elements,Privacy and exclusivity is a major feature of the venue,Not enough information,This venue focuses on minimal environmental impact and sustainability in their offering,Warm and cozy,True,True,"This venue offers fixed packages, with a few extras or options",Only space for reception,12AM,"Elegant, designer-decorated spaces and a high-quality, seasonal menu by renowned chef Suzanne Goin.",150.0,"{'appetizers': 'bacon-wrapped dates stuffed with parmesan, roasted vegetables, muhammara & chickpea purée, burrata & grilled toast, three cheese plate, charcuterie board, marinated olives & marcona almonds', 'main_courses': ""market fish, roasted chicken 'ode to zuni', cauliflower with curry, spiced fish tagine, hanger steak, soft polenta with wild mushrooms"", 'desserts': 'chocolate torta, butterscotch pot de crème, assorted chocolates, kadaif rocher, crème fraiche panna cotta', 'dietary_accommodations': 'kosher style, accommodates allergies and food preferences', 'assumptions': 'Menu is seasonally driven and subject to change based on market availability.', 'cost_options': 'Included in buyout price; additional costs for premium wine upgrades'}","{'wines': 'sommelier-selected white, red, sparkling, rosé', 'cocktails': 'green goddess, wonder punch, harbinger, kingbird, passion al pastor', 'spirits': ""vodka (Tito's, Chopin, Grey Goose), whiskey (High West Double Rye, Michter's Rye), bourbon (Evan Williams, Eagle Rare), scotch/irish/japanese (Jameson, Laphroaig 10yr), gin (St. George 'Terroir', Bombay Sapphire), agave (Casamigos Blanco, El Silencio Mezcal), rum (El Dorado 12yr, Marti White)"", 'non_alcoholic': 'ruby blush, bleeding heart, mock goddess', 'assumptions': 'Open bar included in buyout price', 'cost_options': 'Included in buyout price; premium wines available at additional cost'}",False,False,True,False,False,False,False,True,,False,a.o.c. Brentwood,gpt-4.5-preview
11,Aliso Viejo Country Club,Aliso Viejo,California,,USA,,949.284.5460,alisogolf.com,170.0,"{'base_prices': 'Packages: Adore $98/person, Cherish $115/person, Treasure $135/person', 'total_cost_for_assumed_guest_count': '100 guests on Cherish package at $11,500', 'taxes_and_fees': '22% service charge ($2,530), 7.75% sales tax ($1,085), total $15,115', 'per_person_cost': 'Approximately $151 per person after taxes and fees for 100 guests', 'inclusions': ""Two butler passed hors d'oeuvres, one hour hosted soft bar, two-course plated dinner (salad, choice of chicken, fish or vegetarian entrée), champagne toast, wine service with dinner, cake cutting service, coffee & tea service, tables, chairs, linens, glassware, china, flatware, dance floor rental, dedicated banquet captain & wait staff"", 'exclusions': ""Photography, additional bar packages, premium entrées, upgraded hors d'oeuvres, outside vendor fees, professional wedding coordinator, overtime charges, additional decoration fees, insurance"", 'assumptions': '100 guests, Cherish package selected as middle option, standard inclusions without additional upgrades'}",1500.0,This venue discloses a high degree of the total costs,The venue does not have flexibility on deposit terms and payment plans,Country Clubs,Outdoor space but has a covering to provide some protection against weather elements,Privacy and exclusivity is a major feature of the venue,Not enough information,This venue does not emphasize environment or sustainability,Grandiose and elegant,True,True,"This venue offers fixed packages, with a few extras or options",Both reception and the ceremony space,12AM,Stunning scenic views of the golf course and Saddleback Mountains; comprehensive planning and coordination services provided by the venue.,,"{'appetizers': 'Crispy Prosciutto Crostini, Pepper Poppers, Mini Deviled Egg Tea Sandwich, Ahi Tuna Taco, Bacon Wrapped Dates, Crispy Cubano Spring Rolls, Franks in a Blanket, Crispy Veggie Potsticker, Spinach & Feta Spanakopita, Ciabatta Grilled Cheese, Mediterranean Antipasto Skewer, Shrimp Ceviche Tart, Caprese Skewer, Veggie Platter, Fresh Fruit Platter, Wagyu Mini Burger, Baby Beef Wellington, Korean BBQ Spring Rolls, Mini Fried Chicken Sandwich, Artichoke Beignets, Herb Crusted Beef Carpaccio Crostini, Bite Size Chicken Pot Pie, Coconut Shrimp, Vegan Teriyaki Skewer, Artisan Cheese Board, Artisan Cheese & Charcuterie Board, Charcuterie Board, Smoked Brisket Empanadas, Fried Paella, Pan Seared Crab Cakes', 'main_courses': ""Roasted Mary's Chicken, Market White Fish, Pan Roasted Atlantic Salmon, Braised Short Ribs, Seasonal Masala, Braised Short Rib, 8oz Filet Mignon, Blackened Chilean Seabass, Grilled Ahi Tuna Loin, Surf & Turf, Chicken & Salmon, Chicken & Seabass, Chicken & Braised Short Rib, Braised Short Rib & Salmon, Braised Short Rib & Seabass, Chicken & Prime Filet Mignon"", 'desserts': None, 'dietary_accommodations': 'Gluten-free, vegan options', 'assumptions': 'Pricing based on per person packages (Adore, Cherish, Treasure)', 'cost_options': 'Adore package $98 per person, Cherish package $115 per person, Treasure package $135 per person, additional premium entrées and sides available at extra cost'}","{'wines': 'House, Premium, Super Premium', 'cocktails': 'Walk in the Park, Azalea, Botanical Blue, John Daly, Margarita, Spicy Pineapple Margarita, Pomegranate Margarita, Paloma, Aviation, Georgia Sunrise, Basil Buck, Mango Sour, Mai Tai, Rum Runner, Cran-Apple White Sangria, Red Winter Sangria', 'spirits': ""Vodka (New Amsterdam, Titos, Belvedere), Gin (Beefeater, Bombay Sapphire), Whiskey (Evan Williams, Maker's Mark, Woodford Reserve), Scotch (Dewar's White Label, Macallan 12 yr), Rum (Bacardi Superior, Captain Morgan, Appleton Estate), Tequila (Espolon Blanco, Maestro Dobel Silver, Cincoro Blanco), Cognac (Hennessy VS, Remy VSOP)"", 'non_alcoholic': 'Water, iced tea, lemonade, coffee, tea', 'assumptions': 'Open bar packages priced per person, minimum two-hour service', 'cost_options': 'Open bar packages range from $24 to $52 per person depending on duration and tier, $200 bartender fee'}",True,False,True,False,False,True,True,True,"Mediterranean, Cuban, Spanish",False,Aliso Viejo Country Club,gpt-4.5-preview
12,Agua Hedionda Nature Center,,,,,,,,120.0,"{'base_prices': 'Coastal Package: $3,250; Green Package: $6,000', 'total_cost_for_assumed_guest_count': 'Assuming 80 guests, Green Package at $6,000', 'taxes_and_fees': 'No explicit mention of taxes, gratuity, or additional fees provided.', 'per_person_cost': 'Estimated $120 per person after assuming additional costs for catering, alcohol, photography, taxes, and gratuity.', 'inclusions': 'Venue space, tables and chairs setup, market lights, stage, smart TV, third-party cleaning, team member onsite for event support, coffee machine rental, wedding coordinator (Green Package).', 'exclusions': 'Catering, alcohol, photography, linens, décor setup, additional team member hours, early facility closure, third-party vendor setup.', 'assumptions': 'Assumed guest count of 80, Green Package selected as middle option, standard catering and alcohol costs, local taxes and gratuity estimated.'}",-1.0,This venue discloses a moderate portion of the total wedding costs,Not enough information,Parks,Outdoor space but has a covering to provide some protection against weather elements,Privacy and exclusivity is a major feature of the venue,Not enough information,This venue focuses on minimal environmental impact and sustainability in their offering,Peaceful and serene,True,True,"This venue offers fixed packages, with a few extras or options",Not enough information,10PM,Beautiful natural setting with outdoor terrace and flexible add-on options.,100.0,,,False,True,True,False,False,False,False,False,,False,Agua Hedionda Nature Center,gpt-4.5-preview
13,Aliso Viejo Wedgewood,Aliso Viejo,CA,92656,USA,Events@WedgewoodWeddings.com,866.966.3009,WedgewoodWeddings.com,156.0,"{'base_prices': 'Classic package at $98 per person, Premier at $128 per person, Elite at $153 per person (2024 rates). Venue fees range from $1,495 (weekday) to $5,495 (Saturday evening, Premier package).', 'total_cost_for_assumed_guest_count': 'Assuming 100 guests on a Friday/Sunday with Premier package: $128 per person x 100 = $12,800 + $2,995 venue fee = $15,795 before taxes and fees.', 'taxes_and_fees': '22% administrative fee and tax on total cost: $15,795 x 22% = $3,475, total $19,270.', 'per_person_cost': '$193 after taxes and fees for 100 guests.', 'inclusions': 'Open bar with beer, wine & well spirits, house champagne toast, house wine with meal, choice of 6 appetizers, 3-entrée buffet, personalized wedding cake, DJ & MC services, invitations, house chairs & linens, custom fresh floral centerpieces, 5 hours event time plus setup, full wedding planning, on-the-day coordination, complete set-up & breakdown, dedicated bar & dance floor, liability insurance, dedicated banquet captain, rehearsal walkthrough, cake cutting & service, china, silverware, glassware.', 'exclusions': 'Photography, optional upgrades like photo booth, accent lighting, cold touch sparklers, officiant, charger plates, elite chairs & linens, optional parking validation.', 'assumptions': '100 guests, Premier package, Friday/Sunday pricing as middle option, 22% administrative fee and tax.'}",1495.0,This venue discloses a high degree of the total costs,Not enough information,Banquet Halls,Outdoor space but has a covering to provide some protection against weather elements,Moderate privacy with possible nearby non-wedding guests,"No On-site lodging, third-party 5-10 minutes away.",This venue does not emphasize environment or sustainability,Grandiose and elegant,False,False,"This venue offers fixed packages, with a few extras or options",Both reception and the ceremony space,Not enough information,Picturesque views of Saddleback Mountain and comprehensive all-inclusive packages.,200.0,"{'appetizers': 'Assorted Cheeses & Vegetables, Choice of 6 Items', 'main_courses': '2-Entrée Buffet, 3-Entrée Buffet, Duet Plate', 'desserts': 'Personalized Wedding Cake', 'dietary_accommodations': None, 'assumptions': 'Packages vary by price and inclusions, assuming standard guest count and package selection.', 'cost_options': 'Packages range from $88 to $157 per person depending on selected package and year.'}","{'wines': 'House Wine, Elite Wine', 'cocktails': None, 'spirits': 'Well Spirits, Top-Shelf Spirits', 'non_alcoholic': 'Soft Drinks', 'assumptions': 'Bar options vary by package selected.', 'cost_options': 'Included in package pricing, ranging from cash bar to open bar with top-shelf spirits.'}",False,False,True,False,False,False,False,False,,False,Aliso Viejo Wedgewood,gpt-4.5-preview
14,Alcazar Palm Springs,Palm Springs,California,,USA,Brittany@F10creative.com,,,300.0,"{'base_prices': '$18,000 food and beverage minimum, $8,000 venue fee (non-refundable, not applied to rooms), room buyout at $245 per room per night plus $20 amenity fee and taxes, two-night minimum required.', 'total_cost_for_assumed_guest_count': 'Assuming 100 guests, total base cost is $18,000 food/beverage minimum + $8,000 venue fee = $26,000 (excluding rooms).', 'taxes_and_fees': 'Room taxes unspecified, daily amenity fee of $20 per room per night, taxes on food/beverage unspecified, gratuity unspecified.', 'per_person_cost': 'Estimated $300 per person after taxes, fees, and gratuity for 100 guests.', 'inclusions': 'Venue buyout includes exclusive use of 33 rooms, outdoor courtyard, pool patio space, morning coffee/espresso/tea & pastries, parking, wireless internet, Townie Bikes, local & 800 calls.', 'exclusions': 'Rental equipment (tables, chairs, lighting, etc.) not included, must be arranged separately. Food and beverage details unspecified, must contact F10 Creative Catering. Alcohol details unspecified.', 'assumptions': '100 guests, weekend event with two-night minimum, mid-range catering and beverage options assumed, standard gratuity and taxes assumed.'}",8000.0,This venue discloses a moderate portion of the total wedding costs,The venue does not have flexibility on deposit terms and payment plans,Hotels,Predominantly outdoor,Privacy and exclusivity is a major feature of the venue,On-site lodging accommodations or extremely close (less than 5 mins walking distance) is possible,This venue does not emphasize environment or sustainability,Warm and cozy,,,"This venue offers fixed packages, with a few extras or options",Both reception and the ceremony space,Not enough information,Intimate venue with exclusive hotel buyout and convenient on-site catering services.,150.0,"{'appetizers': None, 'main_courses': None, 'desserts': None, 'dietary_accommodations': None, 'assumptions': None, 'cost_options': '$18,000 food and beverage minimum'}","{'wines': None, 'cocktails': None, 'spirits': None, 'non_alcoholic': None, 'assumptions': None, 'cost_options': '$18,000 food and beverage minimum'}",False,False,True,False,False,False,False,False,,False,Alcazar Palm Springs,gpt-4.5-preview
15,a.o.c. Brentwood,Los Angeles,CA,90049,,,,,295.0,"{'assumptions': 'Saturday, 100 guests, including food stations, sommelier wine selection, open bar, excludes dance floor and insurance', 'base_prices': '$26,000 for up to 80 guests, $150 per person thereafter', 'exclusions': 'Dance floor, additional insurance', 'inclusions': ""Private use of the restaurant, specialty menu (food stations with tray passed hors d'oeuvres), beverages (sommelier select wine, specialty cocktails, and select-spirit open bar)"", 'per_person_cost': 'Approximately $400 per person after tax, fees, and gratuity', 'taxes_and_fees': '9.5% sales tax, 18-22% gratuity, 6% healthcare charge, 5.5% administration fee', 'total_cost_for_assumed_guest_count': '$29,000 before tax, fees, and gratuity'}",-1.0,This venue discloses a moderate portion of the total wedding costs,The venue does not have flexibility on deposit terms and payment plans,Restaurants,,,,,,True,True,This venue offers a moderate or flexible approach,Both reception and the ceremony space,Not enough information,Modern and elegant space; multiple room options for different event sizes.,150.0,"{'appetizers': ""bacon-wrapped dates stuffed with parmesan, the farmer's plate, three cheese plate with accompaniments & a.o.c. bread, royal corona beans, weiser cucumbers, tomato, oregano & feta, spinach and dandelion, persimmon, avocado & candied pecans, charcuterie board pork rillettes, assorted salumi, chorizo & grilled toast, marinated olives & marcona almonds, apples, pears, chicories, honey & point reyes fennel blue"", 'assumptions': 'Each of these menus is a complete menu of shared plates. Dishes will be served one or two at a time beginning at the top of the menu and continuing to the bottom. Each line indicates a different item.', 'cost_options': None, 'desserts': 'chocolate torta, butterscotch pot de crème, assorted chocolates & house confections, kadaif rocher, pistachio butter & vanilla whipped cream, crème fraiche panna cotta rum caramel, persimmon & pepita tuile', 'dietary_accommodations': 'a.o.c. brentwood is able to accommodate a variety of allergies and food preferences.', 'main_courses': ""market fish, celery root, brussels sprouts, sherry & golden raisins, farro & black rice, currants & pine nuts, roasted chicken 'ode to zuni,' panzanella, fennel & green olives, cauliflower, curry & red wine vinegar, spanish fried chicken, romesco aïoli & chili-cumin butter, spiced fish tagine: kabocha squash, quinoa, dried cranberries, turmeric & pepita pesto, hanger steak, sauce béarnaise, arugula & fried shallots, soft polenta, wild mushrooms, swiss chard, mascarpone & gremolata""}","{'assumptions': None, 'cocktails': 'green goddess, wonder punch, harbinger, kingbird, passion al pastor, ruby blush, bleeding heart', 'cost_options': '*anything not on this list will be added to the final bill*', 'non_alcoholic': 'mock goddess', 'spirits': 'vodka, whiskey, bourbon, scotch/irish/japanese, gin, agave, rum', 'wines': 'white, rose, red, sparkling'}",False,False,True,False,False,False,False,True,,False,a.o.c. Brentwood,gemini-2.0-flash-exp
16,Aliso Viejo Country Club,Aliso Viejo,CA,,,,,,125.0,,-1.0,This venue discloses a moderate portion of the total wedding costs,The venue does not have flexibility on deposit terms and payment plans,Country Clubs,,,,,,True,True,"This venue offers fixed packages, with a few extras or options",Both reception and the ceremony space,10PM,Picturesque golf course views and customizable food and beverage options.,300.0,"{'appetizers': 'Crispy Prosciutto Crostini, Pepper Poppers, Mini Deviled Egg Tea Sandwich, Ahi Tuna Taco, Bacon Wrapped Dates, Crispy Cubano Spring Rolls, Franks in a Blanket, Crispy Veggie Potsticker, Spinach & Feta Spanakopita, Ciabatta Grilled Cheese, Mediterranean Antipasto Skewer, Shrimp Ceviche Tart, Caprese Skewer, Veggie Platter, Fresh Fruit Platter, Wagyu Mini Burger, Baby Beef Wellington, Korean BBQ Spring Rolls, Mini Fried Chicken Sandwich, Artichoke Beignets, Herb Crusted Beef Carpaccio, Bite Size Chicken Pot Pie, Coconut Shrimp, Vegan Teriyaki Skewer, Artisan Cheese Board, Artisan Cheese & Charcuterie Board, Charcuterie Board, Smoked Brisket Empanadas, Fried Paella, Pan Seared Crab Cakes', 'assumptions': None, 'cost_options': '$98 per person (Adore), $115 per person (Cherish), $135 per person (Treasure). Prices listed are for additional orders or upgrades.', 'desserts': None, 'dietary_accommodations': 'GF (Gluten Free), V (Vegan)', 'main_courses': ""Roasted Mary's Chicken, Market White Fish, Pan Roasted Atlantic Salmon, Braised Short Ribs, Seasonal Masala, Braised Short Rib, 8oz Filet Mignon, Blackened Chilean Seabass, Grilled Ahi Tuna Loin, Surf & Turf, Chicken & Salmon, Chicken & Seabass, Chicken & Braised Short Rib, Braised Short Rib & Salmon, Braised Short Rib & Seabass, Chicken & Prime Filet Mignon""}","{'assumptions': None, 'cocktails': 'Margarita, Spicy Pineapple Margarita, Pomegranate Margarita, Paloma, Aviation, Georgia Sunrise, Basil Buck, Mango Sour, Mai Tai, Rum Runner, Cran-Apple White Sangria, Red Winter Sangria', 'cost_options': '$24-$40 per person for 2 hours open bar, $30-$47 per person for 3 hours open bar, $35-$52 per person for 4 hours open bar. $200 bartender fee. Priced per drink for hosted or cash bar.', 'non_alcoholic': None, 'spirits': 'Vodka, Gin, Whiskey, Rum, Tequila', 'wines': 'House, Premium, Super Premium'}",False,False,True,False,False,True,False,True,"Mediterranean, Korean, Spanish",False,Aliso Viejo Country Club,gemini-2.0-flash-exp
